{"cameraMode":{"drawMode":0,"name":"Shaded","section":"Shading Mode"},"sceneLighting":true,"audioPlay":false,"sceneViewState":{"showFog":true,"showMaterialUpdate":false,"showSkybox":true,"showFlares":true,"showImageEffects":true,"showParticleSystems":true},"in2DMode":false,"pivot":{"x":-1.5369291305541993,"y":3.109999895095825,"z":-0.09908592700958252},"rotation":{"x":-0.17326126992702485,"y":0.04194745421409607,"z":-0.00738676218315959,"w":-0.9839537143707275},"size":4.458290100097656,"orthographic":false}